brand,score,strongest_signal_category,linkedin_message,email_subject,email_body
Brooklinen,85,complaints,"""Hi [Name], I came across your name while researching potential customers for Brooklinen's post-purchase/returns software. Unfortunately, I saw some concerning feedback about the company's refund process and customer service - including reports of lengthy refunds (2+ weeks) and unresolved complaints via BBB and Trustpilot. As a SDR, my goal is to help brands like Brooklinen build stronger relationships with their customers, but it sounds like there may be room for improvement. Would you be open to discussing how we can support brands in addressing these issues?""",Quick note on Brooklinen's post-purchase experience,"Hi [First Name],

Following up on my note - I came across this about Brooklinen: Refunds take 2+ weeks, customers report threatening chargebacks; BBB complaints re: broken escalation promises. Trustpilot 2.3/5, BBB D-

This is squarely the kind of post-purchase friction ClickPost is built to fix - faster refunds, fewer manual escalations, better retention. Happy to share a few specific examples relevant to Brooklinen's situation if useful."
Manscaped,75,complaints,"Hi [First Name],

I came across your recent orders with Manscaped and wanted to reach out because it seems like you're experiencing some frustration with their subscription auto-enrollment process and support for refund requests/cancellations. I saw that this has been an issue for many customers, resulting in billing friction rather than the hassle of classic returns. Would love to discuss how we can better handle these situations at ClickPost - would you be open to a quick chat about your experience?",Quick note on Manscaped's post-purchase experience,"Hi [First Name],

Following up on my note - I came across this about Manscaped: Subscription auto-enrollment confusion; slow/unresponsive support on refund requests and cancellations (BBB, Trustpilot 3.1-3.6/5, several thousand reviews) - billing friction more than classic returns

This is squarely the kind of post-purchase friction ClickPost is built to fix - faster refunds, fewer manual escalations, better retention. Happy to share a few specific examples relevant to Manscaped's situation if useful."
Rothy's,65,complaints,"Hi [First Name],

I came across your recent feedback on Rothy's, specifically highlighting sizing issues as the primary cause of returns. It's concerning to see that even after 2026 reviews, some customers are still facing challenges with exchanges or partial discounts. I'm curious - did you end up resolving your issue with Rothy's, and if so, what was the outcome? Would love to discuss further and understand their perspective on customer support.

Best, [Your Name]",Quick note on Rothy's's post-purchase experience,"Hi [First Name],

Following up on my note - I came across this about Rothy's: Sizing drives returns; support often declines exchanges/refunds or offers partial discount instead of a fix (2026 reviews)

This is squarely the kind of post-purchase friction ClickPost is built to fix - faster refunds, fewer manual escalations, better retention. Happy to share a few specific examples relevant to Rothy's's situation if useful."
Blueland,65,complaints,"""Hi [First Name], I came across Blueland's Trustpilot reviews and noticed 20% of customers expressing frustration with not receiving a response from customer service regarding order issues. It's concerning to see a recurring theme in complaints like this, especially when it comes to post-purchase support. As someone who cares about providing excellent customer experiences, I'd love to hear your thoughts on how Blueland is addressing these concerns and if there are any opportunities for improvement. Would you be open to a quick chat to discuss further?""",Quick note on Blueland's post-purchase experience,"Hi [First Name],

Following up on my note - I came across this about Blueland: 20% negative Trustpilot reviews (532 total); recurring theme: no response from customer service on order issues

This is squarely the kind of post-purchase friction ClickPost is built to fix - faster refunds, fewer manual escalations, better retention. Happy to share a few specific examples relevant to Blueland's situation if useful."
True Classic,65,complaints,"Hi there,

I came across your review of True Classic, where you mentioned being frustrated with the AI chatbot-first support not providing sufficient human assistance when issues arose. Specifically, you felt like it was difficult to get a resolution through the chatbot, leading to missed shipping confirmations. I'd love to learn more about your experience and understand how we can improve our support for customers like you. Can we schedule a quick call to discuss further?

Best, [Your Name]",Quick note on True Classic's post-purchase experience,"Hi [First Name],

Following up on my note - I came across this about True Classic: AI chatbot-first support failing customers - 'argue with chatbot, never get a human'; missing shipping confirmations (March 2026 review)

This is squarely the kind of post-purchase friction ClickPost is built to fix - faster refunds, fewer manual escalations, better retention. Happy to share a few specific examples relevant to True Classic's situation if useful."
